,X0 (Bias),X1,X2,True Label (y),Prediction (Sigmoid),Binary Prediction,Absolute Error
0,1.0,0.6950661098755526,0.5817442156093988,1,0.9997797837313981,1,0.0002202162686019138
1,1.0,0.6073195728508657,0.7242160587296775,1,0.9998580639701337,1,0.0001419360298663408
2,1.0,0.5992346672943843,0.7827012591543496,1,0.999948565432367,1,5.143456763301302e-05
3,1.0,0.6605513192940633,0.6428211205563362,1,0.9998337249498107,1,0.00016627505018929067
4,1.0,0.5472828012210224,0.62147471991676,1,0.9922945511432681,1,0.007705448856731856
5,1.0,0.653212447857775,0.7901522684993627,1,0.9999912664220438,1,8.733577956165917e-06
6,1.0,0.9999999999258172,0.7923855446511949,1,0.9999999997372135,1,2.627864592597007e-10
7,1.0,0.4301175929763876,0.3590025647941292,0,0.013607689762149175,0,0.013607689762149175
8,1.0,0.38391031814585913,0.003828771053120664,0,1.6804297127081463e-06,0,1.6804297127081463e-06
9,1.0,0.26644296906791826,0.06487532526486696,0,1.8646234804783135e-07,0,1.8646234804783135e-07
10,1.0,0.6943781691933976,0.5360167411064135,1,0.9993997131974666,1,0.000600286802533434
11,1.0,0.3520897776898278,0.31958873132986354,0,0.0005740945939583104,0,0.0005740945939583104
12,1.0,0.5712974967029179,0.46792367093212023,1,0.9068822763532598,1,0.0931177236467402
13,1.0,0.400883184910011,0.4838466421562416,0,0.077677245564673,0,0.077677245564673
14,1.0,0.36737126753568533,0.6108198951619397,0,0.321405048717373,0,0.321405048717373
15,1.0,0.3893278989812958,0.2625529555104826,0,0.0005128875599432735,0,0.0005128875599432735
16,1.0,0.6874950646154995,0.6318428789602064,1,0.9999058924285497,1,9.410757145034143e-05
17,1.0,0.34856701242855964,0.327899823007513,0,0.0006177416151075696,0,0.0006177416151075696
18,1.0,0.25962961431348824,0.07894818160528518,0,2.0582487637888195e-07,0,2.0582487637888195e-07
19,1.0,0.4168612234491683,0.39158416800354523,0,0.01835301180948136,0,0.01835301180948136
20,1.0,0.27070478106249,0.20390967977778482,0,4.201673697958413e-06,0,4.201673697958413e-06
21,1.0,0.6858897025643635,0.7735998838515358,1,0.9999953057278009,1,4.694272199068372e-06
22,1.0,0.5854533814593912,0.4903080895477021,1,0.9600819809151505,1,0.03991801908484949
23,1.0,0.7122937368556129,0.6641039697075933,1,0.9999775748370191,1,2.2425162980899138e-05
24,1.0,0.42419454822141367,0.4286123831631562,0,0.04905074479686479,0,0.04905074479686479
25,1.0,0.3885425773160007,0.320315575379747,0,0.00173126243211854,0,0.00173126243211854
26,1.0,0.6695730272223682,0.7383401278849723,1,0.9999836925835794,1,1.6307416420557885e-05
27,1.0,0.7034048257904567,0.8963049401554974,1,0.9999998008769203,1,1.9912307969160992e-07
28,1.0,0.3936197295277263,0.30859642920567537,0,0.0015666081311390815,0,0.0015666081311390815
29,1.0,0.5007805773494651,0.5319915331901841,1,0.8242710230612927,1,0.17572897693870726
30,1.0,0.5848677208368593,0.6452423443224118,1,0.9984867919098448,1,0.0015132080901552047
31,1.0,0.36241585757343814,0.7885335435070768,1,0.9489915200502841,1,0.05100847994971591
32,1.0,0.47539277820951814,0.4005766701660689,0,0.11536735874491776,0,0.11536735874491776
33,1.0,0.40090993738506997,0.18423488442412636,0,0.0001347748667276524,0,0.0001347748667276524
34,1.0,0.5795388694950109,0.6681036014231755,1,0.9989138383854484,1,0.0010861616145515507
35,1.0,0.3117036359121592,0.29071231599828967,0,9.237599774308734e-05,0,9.237599774308734e-05
36,1.0,0.24246228179733795,0.33776457947213795,0,3.206654774310601e-05,0,3.206654774310601e-05
37,1.0,0.663600957761062,0.7889019814680939,1,0.9999934228924198,1,6.577107580230113e-06
38,1.0,0.3844922984395021,0.10180719942366914,0,1.4039125246500532e-05,0,1.4039125246500532e-05
39,1.0,0.9437485898808076,0.6468644635649812,1,0.9999999678104526,1,3.2189547360950144e-08
40,1.0,0.48118478814250104,0.41739132119595906,0,0.1820321203810093,0,0.1820321203810093
41,1.0,0.34377944893022133,0.3535091651510948,0,0.0009279683478048825,0,0.0009279683478048825
42,1.0,0.6300553709706582,0.6013094447821269,1,0.998991553712224,1,0.001008446287775966
43,1.0,0.4302897931100902,0.15513526480773232,0,0.00017351108095106776,0,0.00017351108095106776
44,1.0,0.7365116685457779,0.6997072084621486,1,0.9999949397735318,1,5.060226468178719e-06
45,1.0,0.3657401701627488,0.18334550154240428,0,4.6227418102242765e-05,0,4.6227418102242765e-05
46,1.0,0.5251205773689043,0.2016434465966837,0,0.007956428597027741,0,0.007956428597027741
47,1.0,0.6781825258553722,0.5350702943280753,1,0.9990063941270965,1,0.0009936058729035357
48,1.0,0.3066607968127986,0.28400598937753996,0,6.879159266897577e-05,0,6.879159266897577e-05
49,1.0,0.683618021593561,0.744529360279821,1,0.9999906169031052,1,9.383096894799436e-06
50,1.0,0.6306582170333421,0.5872978357268388,1,0.9986620275752764,1,0.0013379724247235547
51,1.0,0.3586091702245813,0.23315485428736166,0,0.00010893392335851014,0,0.00010893392335851014
52,1.0,0.6863006120448939,0.5146309492202568,1,0.9987907717752604,1,0.001209228224739567
53,1.0,0.729213863932889,0.8265655521898254,1,0.9999995879066004,1,4.1209339962655633e-07
54,1.0,0.18812047912902272,0.2821791932938738,0,1.91448143847441e-06,0,1.91448143847441e-06
55,1.0,0.48669299697622703,0.8140831165738799,1,0.9992437011618371,1,0.000756298838162861
56,1.0,0.5935664759045594,0.5636876859933727,1,0.9933036005060624,1,0.0066963994939376326
57,1.0,0.4690726874200782,0.8486497028519041,1,0.9993906702119048,1,0.0006093297880952475
58,1.0,0.6589501864664317,0.6354265749361717,1,0.9997955442314008,1,0.00020445576859917658
59,1.0,0.6296969476071941,0.7720737940345291,1,0.9999739927939283,1,2.600720607170981e-05
60,1.0,0.5149215544170347,0.8795616943193783,1,0.9999202823211061,1,7.971767889392023e-05
61,1.0,0.39753025345183957,0.4066515062768634,0,0.014296416710251305,0,0.014296416710251305
62,1.0,0.6764131196002129,0.6134879667928582,1,0.9998055974127097,1,0.0001944025872903099
63,1.0,0.6707860083875938,0.7093379488103541,1,0.9999706710657074,1,2.9328934292638387e-05
64,1.0,0.2735133746603477,0.2285707140312393,0,7.76279269587201e-06,0,7.76279269587201e-06
65,1.0,0.8386229945462375,0.449335244659543,1,0.9999480634495713,1,5.1936550428677286e-05
66,1.0,0.5599665572802538,0.44896493941227367,1,0.8220266432652716,1,0.17797335673472836
67,1.0,0.5724692180276387,0.3910392473887339,1,0.6590413850574764,1,0.34095861494252355
68,1.0,0.228107943122314,0.3628737847122002,0,3.5816464497291986e-05,0,3.5816464497291986e-05
69,1.0,0.43703220895497763,0.05144403913897172,0,2.286717988062557e-05,0,2.286717988062557e-05
70,1.0,0.8668208550892844,0.8233800534436885,1,0.9999999927755612,1,7.22443882494872e-09
71,1.0,0.46786804395859033,0.3294189372761835,0,0.022074739688452055,0,0.022074739688452055
72,1.0,0.3879276454018144,0.2031979460162513,0,0.00013743227383723617,0,0.00013743227383723617
73,1.0,0.492871818515734,0.795703837574533,1,0.9990668580957552,1,0.0009331419042447608
74,1.0,0.457735923247371,0.29793122482570233,0,0.008405622393958014,0,0.008405622393958014
75,1.0,0.20317505539301656,0.21504128085131094,0,7.093811916344199e-07,0,7.093811916344199e-07
76,1.0,0.33336385420781534,0.16932859799361927,0,1.2998998332639273e-05,0,1.2998998332639273e-05
77,1.0,0.5968102878472249,0.41446310504436656,0,0.8687301077837956,1,0.8687301077837956
78,1.0,0.33622540512349475,0.3217791298753634,0,0.00037464281804052736,0,0.00037464281804052736
79,1.0,0.19953487807577777,0.07961240294821245,0,3.465473257348498e-08,0,3.465473257348498e-08
80,1.0,0.5967648193288134,0.6935140473383503,1,0.9996237317225303,1,0.0003762682774697268
81,1.0,0.5618872014191634,0.7348464980935175,1,0.9995610689535908,1,0.0004389310464092411
82,1.0,0.4799816660659341,0.5564804899719582,1,0.8100349620615668,1,0.18996503793843322
83,1.0,0.72339704310283,0.596255952016161,1,0.9999308494714079,1,6.915052859213233e-05
84,1.0,0.7106982800193158,0.6845285327636792,1,0.9999848352421603,1,1.5164757839691845e-05
85,1.0,0.4607713968018541,0.3149428921242023,0,0.01320137940110752,0,0.01320137940110752
86,1.0,0.30825482567667406,0.3046157983796427,0,0.00011234221192279343,0,0.00011234221192279343
87,1.0,0.6594497057475772,0.8688081631877155,1,0.9999986627917277,1,1.3372082723339673e-06
88,1.0,0.5517566812608885,0.9999999999085081,1,0.999998006799337,1,1.9932006629641563e-06
89,1.0,0.26842350472054194,0.19589169400652398,0,3.303607814121199e-06,0,3.303607814121199e-06
90,1.0,0.5122465078625925,0.7306418956203073,1,0.9978857126401839,1,0.002114287359816114
91,1.0,0.6808810017027601,0.6254647478883988,1,0.9998684861528662,1,0.00013151384713383507
92,1.0,0.629027848592138,0.8451422687971957,1,0.9999944807038694,1,5.519296130573892e-06
93,1.0,0.5980206363262478,0.004869353216867527,0,0.0010315624921207914,0,0.0010315624921207914
94,1.0,0.8300033031832776,0.6546123931277988,1,0.9999991840925,1,8.159075000069294e-07
95,1.0,0.600220122471086,0.49337322659868194,1,0.9755731945443941,1,0.024426805455605938
96,1.0,0.26168925905692125,0.16080967692254441,0,1.2711326181727673e-06,0,1.2711326181727673e-06
97,1.0,0.6579837047515268,0.6451849682431472,1,0.9998293570219573,1,0.000170642978042701
98,1.0,0.769374573486227,0.5595660304134257,1,0.9999614967108784,1,3.850328912158307e-05
99,1.0,0.6627994185626401,0.5246996137570705,1,0.9980356298074464,1,0.0019643701925535773
100,1.0,0.7873441495545367,0.6736536295058084,1,0.9999980609527308,1,1.9390472691949157e-06
101,1.0,0.7910642507460228,0.5827340494704422,1,0.9999877595057309,1,1.2240494269066815e-05
102,1.0,0.603142258266948,0.5793740797307212,1,0.9963981762717387,1,0.003601823728261344
103,1.0,0.8867081490937839,0.8796367168449641,1,0.9999999988096078,1,1.190392229233339e-09
104,1.0,0.6565130679012515,0.8418418555110234,1,0.9999973940191852,1,2.6059808148071184e-06
105,1.0,0.27248214765875084,0.2570235689481751,0,1.3872811655030675e-05,0,1.3872811655030675e-05
106,1.0,0.3932805878153014,0.17473367731029943,0,8.748704519734157e-05,0,8.748704519734157e-05
107,1.0,0.4133283082776118,0.2627748695984286,0,0.0010552238432683199,0,0.0010552238432683199
108,1.0,0.6937787757124143,0.6086685575472333,1,0.9998716698552209,1,0.00012833014477908744
109,1.0,0.5214090079585789,0.7365878479733234,1,0.9985840000407387,1,0.0014159999592613381
110,1.0,0.5990346803359837,0.7058981809995736,1,0.9997305294070892,1,0.0002694705929108254
111,1.0,0.7302141857324489,0.6311091281693045,1,0.9999733267946709,1,2.6673205329119654e-05
112,1.0,0.3856048992758484,0.27449791005143137,0,0.0005931213166460479,0,0.0005931213166460479
113,1.0,0.7012925355926094,0.5809624308094258,1,0.9998140693032826,1,0.0001859306967173513
114,1.0,0.5210456346416121,0.07571506975748764,0,0.0004741150872547742,0,0.0004741150872547742
115,1.0,0.1916026322336912,0.2063144952309531,0,4.161467080461141e-07,0,4.161467080461141e-07
116,1.0,0.4625297775621809,0.31788686281444145,0,0.01479827795387265,0,0.01479827795387265
117,1.0,0.7377036476906961,0.48378877291745714,1,0.9994947393578043,1,0.0005052606421956929
118,1.0,0.5016436392236334,0.1756506943312965,0,0.002269515195755458,0,0.002269515195755458
119,1.0,0.6273701179970635,0.5044139878965234,1,0.9913021383132082,1,0.008697861686791764
120,1.0,0.3859796096557453,0.45215926354295044,0,0.026580763809042694,0,0.026580763809042694
121,1.0,0.598396261473436,0.5299252597281562,1,0.9880887825708542,1,0.011911217429145804
122,1.0,0.7265915791912063,0.42324313019820575,1,0.9974185465242615,1,0.00258145347573846
123,1.0,0.627422205511762,0.7372114329950498,1,0.9999411223122763,1,5.887768772372404e-05
124,1.0,0.0,0.13218496152235276,0,2.758951694764534e-10,0,2.758951694764534e-10
125,1.0,0.576488660005447,0.6047685166612906,1,0.9953761093341981,1,0.004623890665801933
126,1.0,0.1687304722113971,0.1956026039038017,0,1.6689174500061565e-07,0,1.6689174500061565e-07
127,1.0,0.3427222760803189,0.32822084091033016,0,0.0005223826815955856,0,0.0005223826815955856
128,1.0,0.3358035763036052,0.37075767381453484,0,0.0010590870164765846,0,0.0010590870164765846
129,1.0,0.34792388169601557,0.44264504917496017,0,0.007087375584693186,0,0.007087375584693186
130,1.0,0.8631411974789666,0.7933448536820836,1,0.9999999846234078,1,1.5376592221727492e-08
131,1.0,0.7052056101885427,0.6672400699637062,1,0.9999740904760308,1,2.5909523969191994e-05
132,1.0,0.8760232964587702,0.6435769462004091,1,0.9999997385661701,1,2.6143382991783426e-07
133,1.0,0.4521971727960256,0.10522375425717215,0,0.00011425698391423059,0,0.00011425698391423059
134,1.0,0.6043376195649848,0.16184060786669996,0,0.03510145827939867,0,0.03510145827939867
135,1.0,0.30941202484808517,0.41784697488124395,0,0.001323583921312528,0,0.001323583921312528
136,1.0,0.689644661721082,0.9235610685424953,1,0.999999832759239,1,1.6724076101759522e-07
137,1.0,0.250448135524821,0.19505225248477587,0,1.896109394593357e-06,0,1.896109394593357e-06
138,1.0,0.2696224086602991,0.5599245614450491,0,0.00847512866189815,0,0.00847512866189815
139,1.0,0.6949666591315988,0.5822123268708489,1,0.9997813385641621,1,0.00021866143583793018
140,1.0,0.5914820980974659,0.5201651843591706,1,0.9820480147114924,1,0.01795198528850761
141,1.0,0.4159406385546598,0.2537946552264965,0,0.0009407873512570918,0,0.0009407873512570918
142,1.0,0.6771737409043539,0.4554776143671974,1,0.9943626859786032,1,0.005637314021396778
143,1.0,0.3091028027366235,0.20885398888809495,0,1.471991181952826e-05,0,1.471991181952826e-05
144,1.0,0.502840253020863,0.19158374892685204,0,0.0033090537735081054,0,0.0033090537735081054
145,1.0,0.40048168056903316,0.3497306383433185,0,0.0046404334059848415,0,0.0046404334059848415
146,1.0,0.5488107694236184,0.7833370233724711,1,0.9997710888988415,1,0.0002289111011585243
147,1.0,0.44284142953987005,0.29628797618431296,0,0.005215817884137668,0,0.005215817884137668
148,1.0,0.5932204886163146,0.7424057456191743,1,0.9998536740387605,1,0.00014632596123953512
149,1.0,0.22036543829072242,0.3987351886019351,0,6.141273301615037e-05,0,6.141273301615037e-05
150,1.0,0.7503911293355512,0.48369887065111844,1,0.9996534546416453,1,0.00034654535835465516
151,1.0,0.2853452966715426,0.35671491622637463,0,0.0001735385095611283,0,0.0001735385095611283
152,1.0,0.6169395840602697,0.6309223538829913,1,0.9992100294574245,1,0.0007899705425754577
153,1.0,0.4521432324268701,0.5330816142076333,0,0.5288448157955197,1,0.5288448157955197
154,1.0,0.41005482406433896,0.37907889530254707,0,0.011525959191193752,0,0.011525959191193752
155,1.0,0.23756274161740365,0.10860488760115473,0,2.013133482481946e-07,0,2.013133482481946e-07
156,1.0,0.27939829180872156,0.30247607477515664,0,4.5299294284291476e-05,0,4.5299294284291476e-05
157,1.0,0.41874779694420955,0.31352730424194347,0,0.0036827995116482616,0,0.0036827995116482616
158,1.0,0.4525166894372024,0.38441409806133675,0,0.04444717505889035,0,0.04444717505889035
159,1.0,0.3691042895876384,0.17983751400340944,0,4.740478463219437e-05,0,4.740478463219437e-05
160,1.0,0.1353232238930258,0.2983583515368801,0,5.595222310503273e-07,0,5.595222310503273e-07
161,1.0,0.5876350027408448,0.8874740589866952,1,0.9999923433327141,1,7.65666728586023e-06
162,1.0,0.4678578176509726,0.6311142021303148,1,0.9365353022271192,1,0.06346469777288077
163,1.0,0.8427244364526898,0.7779474539599593,1,0.9999999605967931,1,3.9403206919530476e-08
164,1.0,0.6885534819452075,0.48427771361553695,1,0.9978316953785891,1,0.0021683046214109325
165,1.0,0.7852846061285976,0.5422350050015612,1,0.999965266204597,1,3.473379540297472e-05
166,1.0,0.6701107988529375,0.659364546849541,1,0.999912420011113,1,8.75799888869766e-05
167,1.0,0.39673136506303025,0.2199218775935867,0,0.0002560764025737019,0,0.0002560764025737019
168,1.0,0.840442567806069,0.6045602713438564,1,0.9999982491019542,1,1.750898045771443e-06
169,1.0,0.6449010106248433,0.6084120502327337,1,0.9994442333183801,1,0.0005557666816199403
170,1.0,0.5386016821902451,0.6191975913879978,1,0.989540544357917,1,0.010459455642082949
171,1.0,0.6182308215519138,0.016510228454548616,0,0.0024200516335421084,0,0.0024200516335421084
172,1.0,0.5423143509534525,0.0765001765788043,0,0.000910029296660165,0,0.000910029296660165
173,1.0,0.4510823073053834,0.45889726966162575,0,0.1808921706126873,0,0.1808921706126873
174,1.0,0.3828193977661506,0.19039726038826443,0,8.960901678078583e-05,0,8.960901678078583e-05
175,1.0,0.3965794303581673,0.15924232988438267,0,6.921405334017313e-05,0,6.921405334017313e-05
176,1.0,0.4786442999679926,0.6666603700946238,1,0.9776403271734294,1,0.022359672826570587
177,1.0,0.5571185879468197,0.3283485893653118,0,0.2410656934412641,0,0.2410656934412641
178,1.0,0.48953698320413125,0.3814158699263142,0,0.11648911147818579,0,0.11648911147818579
179,1.0,0.7496916010810512,0.3352859160027568,1,0.9914823382328143,1,0.008517661767185714
180,1.0,0.2807249476605438,0.24347671977478905,0,1.3265354386580629e-05,0,1.3265354386580629e-05
181,1.0,0.5371065906254385,0.7832699218311748,1,0.9996747982472559,1,0.00032520175274408647
182,1.0,0.3612381987646109,0.24057551338684768,0,0.00013820490302647034,0,0.00013820490302647034
183,1.0,0.6192679527384118,0.58776169175959,1,0.998139120088995,1,0.0018608799110050311
184,1.0,0.21376140183268025,0.5241152844279254,0,0.0007453255970422336,0,0.0007453255970422336
185,1.0,0.5992347166085973,0.359767461941738,0,0.6871643950736492,1,0.6871643950736492
186,1.0,0.7257410818425479,0.7426962074389305,1,0.9999972281713071,1,2.7718286929045988e-06
187,1.0,0.7196904116967209,0.7870615126022315,1,0.9999987198488632,1,1.2801511367621643e-06
188,1.0,0.45111972839969255,0.35917868665499025,0,0.02528314906163682,0,0.02528314906163682
189,1.0,0.4273473956444658,0.6265068050849869,1,0.7993260895838347,1,0.20067391041616534
190,1.0,0.5500291980461718,0.732889702759695,1,0.9993476762871524,1,0.0006523237128476245
191,1.0,0.5933466183245354,0.6554818198851242,1,0.9990569270651486,1,0.0009430729348514078
192,1.0,0.42573533306826994,0.8715555361095847,1,0.9986410278253145,1,0.0013589721746855021
193,1.0,0.7719186147933718,0.7035957301742158,1,0.9999983843160573,1,1.6156839427461378e-06
194,1.0,0.6317031776942524,0.7342833404263398,1,0.9999448280654173,1,5.5171934582709525e-05
195,1.0,0.2606988924025278,0.3402797026417259,0,5.837072449415939e-05,0,5.837072449415939e-05
196,1.0,0.3478005413181025,0.2314469210222391,0,7.602554375830507e-05,0,7.602554375830507e-05
197,1.0,0.652998751295516,0.7322651657184477,1,0.9999695083722243,1,3.0491627775686148e-05
198,1.0,0.5682816388073583,0.3377975838492391,0,0.35201251366507613,0,0.35201251366507613
199,1.0,0.4878358177413611,0.3759634552118185,0,0.10028084105961216,0,0.10028084105961216
200,1.0,0.3364469168215859,0.4235635676527515,0,0.0033503374382808865,0,0.0033503374382808865
201,1.0,0.942271396319676,0.6255543933422167,1,0.9999999468185529,1,5.318144713495343e-08
202,1.0,0.22302858913419277,0.09155308180774173,0,9.038752607484972e-08,0,9.038752607484972e-08
203,1.0,0.6794419260458384,0.6189257331680833,1,0.9998419984093726,1,0.00015800159062739905
204,1.0,0.5957933718563644,0.4743432215370972,1,0.9587558590150203,1,0.04124414098497975
205,1.0,0.45119262391875375,0.10384853917814672,0,0.00010765002835803101,0,0.00010765002835803101
206,1.0,0.24872549444606007,0.10613707748969259,0,2.665120137477697e-07,0,2.665120137477697e-07
207,1.0,0.2746737499448439,0.2402692707001808,0,1.0333610079562726e-05,0,1.0333610079562726e-05
208,1.0,0.39145773129668754,0.3862906358046673,0,0.007749525675325609,0,0.007749525675325609
209,1.0,0.12433455441716823,0.2006162480019516,0,4.932143388530168e-08,0,4.932143388530168e-08
210,1.0,0.6285144148520093,0.4324492900413905,1,0.9617171265846839,1,0.03828287341531611
211,1.0,0.7278124682507793,0.9503625378422444,1,0.9999999699487008,1,3.005129922684091e-08
212,1.0,0.4179793045973937,0.3432806532151914,0,0.006800061963302755,0,0.006800061963302755
213,1.0,0.3591673113855191,0.12761174398343406,0,1.146782069738654e-05,0,1.146782069738654e-05
214,1.0,0.3081553955460416,0.422215033189141,0,0.001400146612543575,0,0.001400146612543575
215,1.0,0.5073820567198228,0.740741443690499,1,0.998031626363136,1,0.0019683736368639737
216,1.0,0.3714714231705822,0.40570454612004403,0,0.006480635761112091,0,0.006480635761112091
217,1.0,0.5850005308151207,0.5718853931287486,1,0.9927511687677201,1,0.007248831232279929
218,1.0,0.3986978021983744,0.5302514748428764,0,0.17617710550339385,0,0.17617710550339385
219,1.0,0.6454905064411947,0.49666298333241127,1,0.9940054484730154,1,0.005994551526984582
220,1.0,0.3681833455518051,0.07724032681154847,0,5.086420629196797e-06,0,5.086420629196797e-06
221,1.0,0.7001367653167312,0.6342504927812522,1,0.99993875073364,1,6.124926635997507e-05
222,1.0,0.2850000440613456,0.30464376194425447,0,5.61071567864198e-05,0,5.61071567864198e-05
223,1.0,0.7365845430734963,0.4843939479922484,1,0.9994843115385041,1,0.0005156884614958557
224,1.0,0.43274018190599917,0.4817871529960559,0,0.1727048782289171,0,0.1727048782289171
225,1.0,0.5878740729938892,0.6423181314518461,1,0.9985270488076232,1,0.0014729511923767813
226,1.0,0.4895909183877605,0.1601410493613836,0,0.0011356886814642003,0,0.0011356886814642003
227,1.0,0.6876199154596,0.46351917572396123,1,0.9965214965661692,1,0.0034785034338308263
228,1.0,0.6791927270007861,0.5044676394240533,1,0.9981408155273009,1,0.0018591844726990603
229,1.0,0.7602205192753426,0.6133618726110512,1,0.999984068029763,1,1.5931970236970905e-05
230,1.0,0.5419815532211405,0.612615773130584,1,0.9891136979888174,1,0.01088630201118257
231,1.0,0.5017758266209754,0.7159981586613985,1,0.9960470912344426,1,0.003952908765557428
232,1.0,0.7728515712528129,0.5687438786154693,1,0.9999715078572795,1,2.8492142720493163e-05
233,1.0,0.25145268210419497,0.33618785939035883,0,4.0552261245927764e-05,0,4.0552261245927764e-05
234,1.0,0.826884523189791,0.7126963258807844,1,0.9999997429268811,1,2.570731189033282e-07
235,1.0,0.19614795517886946,0.17397985837336444,0,2.3794605159675904e-07,0,2.3794605159675904e-07
236,1.0,0.307349506896475,0.24729031016680605,0,3.1903996740319116e-05,0,3.1903996740319116e-05
237,1.0,0.33926440432577026,0.31415347530259297,0,0.0003482609248840462,0,0.0003482609248840462
238,1.0,0.6670354198943801,0.6173726362420835,1,0.999763332781215,1,0.00023666721878501384
239,1.0,0.5983691629693411,0.5597133729707704,1,0.9936793149822244,1,0.006320685017775607
240,1.0,0.33256490201647604,0.10152662984365733,0,2.956592130018969e-06,0,2.956592130018969e-06
241,1.0,0.3875933445839776,0.010195219997032356,0,2.1509687185162006e-06,0,2.1509687185162006e-06
242,1.0,0.7501941788528157,0.7017543541291107,1,0.999996782720591,1,3.2172794089957435e-06
243,1.0,0.35930645433178443,0.14963246268289268,0,1.8483721103145822e-05,0,1.8483721103145822e-05
244,1.0,0.4215469884340299,0.24502126346069786,0,0.0009212655754724502,0,0.0009212655754724502
245,1.0,0.267229885904699,0.1905103762061553,0,2.839729093441766e-06,0,2.839729093441766e-06
246,1.0,0.36714632782829765,0.1159109284599933,0,1.1319818319178373e-05,0,1.1319818319178373e-05
247,1.0,0.4306096821678611,0.5003898169359284,1,0.22609397538246645,0,0.7739060246175336
248,1.0,0.41845903486010094,0.48311960339557075,0,0.12295702850540732,0,0.12295702850540732
249,1.0,0.6062852321805096,0.5221066064154372,1,0.9888602500138285,1,0.01113974998617151
250,1.0,0.30172059754891756,0.3432094929287611,0,0.00021177119862758086,0,0.00021177119862758086
251,1.0,0.620036066350594,0.8677904362607132,1,0.9999955616462856,1,4.4383537144421226e-06
252,1.0,0.3000934892733201,0.2879925372838122,0,6.158986581578861e-05,0,6.158986581578861e-05
253,1.0,0.2688127209446694,0.22866344217829412,0,6.7589118998831715e-06,0,6.7589118998831715e-06
254,1.0,0.31703770972441137,0.07192005836905134,0,9.839527314117683e-07,0,9.839527314117683e-07
255,1.0,0.6308114806000171,0.5141853327360945,1,0.993623607530269,1,0.006376392469730985
256,1.0,0.6274798615223001,0.4868801746579532,1,0.9874132585023204,1,0.012586741497679577
257,1.0,0.24150657229280337,0.33898324978509686,0,3.199055269904308e-05,0,3.199055269904308e-05
258,1.0,0.4691748032959149,0.2525879114727812,0,0.004483135963417612,0,0.004483135963417612
259,1.0,0.2950881527507898,0.3893673511027362,0,0.00046820877631720606,0,0.00046820877631720606
260,1.0,0.6079618706528573,0.6905173728364443,1,0.9997128012953505,1,0.00028719870464954944
261,1.0,0.48879864941536255,0.8263243854135499,1,0.999453969851794,1,0.0005460301482059782
262,1.0,0.47629684783307547,0.645336527299787,1,0.9626555847112547,1,0.037344415288745325
263,1.0,0.6653636874105864,0.57318475278484,1,0.9993572587017358,1,0.0006427412982642489
264,1.0,0.14715960569660638,0.26913104738253063,0,4.2527957903846786e-07,0,4.2527957903846786e-07
265,1.0,0.3633965516420125,0.34111398818182664,0,0.0012773313843688482,0,0.0012773313843688482
266,1.0,0.28107440540022327,0.3660363138056618,0,0.00018661718016376122,0,0.00018661718016376122
267,1.0,0.6981931175171086,0.5097503361639777,1,0.9990584864290258,1,0.0009415135709741618
268,1.0,0.7543338601130931,0.5939946706298443,1,0.9999711991399739,1,2.8800860026101383e-05
269,1.0,0.3678219065259637,0.12486234090719583,0,1.4000521367673223e-05,0,1.4000521367673223e-05
270,1.0,0.252212348455457,0.38078758250375233,0,0.00010815996035716534,0,0.00010815996035716534
271,1.0,0.698699150785585,0.555847800844364,1,0.9996553966935409,1,0.00034460330645913473
272,1.0,0.3566826919926039,0.4874981428439201,0,0.023735769912998254,0,0.023735769912998254
273,1.0,0.3312197444614917,0.6460800208552601,0,0.25540691093383316,0,0.25540691093383316
274,1.0,0.39526517219416857,0.4752445235114973,0,0.05587885604205146,0,0.05587885604205146
275,1.0,0.7150022737607334,0.5391379043821021,1,0.9996968260278019,1,0.00030317397219814524
276,1.0,0.06915934607694642,0.38556591757231434,0,5.046258775870828e-07,0,5.046258775870828e-07
277,1.0,0.30782007703405834,0.18310823302473192,0,8.146876933708534e-06,0,8.146876933708534e-06
278,1.0,0.44922947322628287,0.5904964835272507,1,0.7794042659486128,1,0.22059573405138722
279,1.0,0.7960572623138706,0.35418975908566713,1,0.9985703042232147,1,0.0014296957767853113
280,1.0,0.39890502954526674,0.030813852204477573,0,4.697443670406133e-06,0,4.697443670406133e-06
281,1.0,0.3708798039015219,0.0,0,1.0485127590231731e-06,0,1.0485127590231731e-06
282,1.0,0.9295491403263486,0.6564714926907312,1,0.9999999599737679,1,4.0026232106527004e-08
283,1.0,0.5893541051272163,0.44569025600762735,1,0.9119744587307332,1,0.08802554126926676
284,1.0,0.5138609397899311,0.4610035783464279,1,0.6013317160299372,1,0.3986682839700628
285,1.0,0.4664267890397267,0.19359671761609368,0,0.0011663620444259289,0,0.0011663620444259289
286,1.0,0.4900992378803905,0.27417411925073615,0,0.01320615246168024,0,0.01320615246168024
287,1.0,0.7277708375887005,0.7722087673129487,1,0.9999986164286048,1,1.3835713952303763e-06
288,1.0,0.2271072649023445,0.2268635132093622,0,1.869867197151472e-06,0,1.869867197151472e-06
289,1.0,0.41798068652165077,0.8015104796727184,0,0.992330140945163,1,0.992330140945163
290,1.0,0.650047244523188,0.47254014803845834,1,0.9912394624636177,1,0.008760537536382285
291,1.0,0.6997064017215541,0.722532947626804,1,0.9999906927044288,1,9.307295571248098e-06
292,1.0,0.2583610715710166,0.4854794763638718,0,0.00123141237973006,0,0.00123141237973006
293,1.0,0.36211597753240377,0.4722496991842041,0,0.02019239793094551,0,0.02019239793094551
294,1.0,0.2870294902203919,0.38975590418901673,0,0.00037112415872278103,0,0.00037112415872278103
295,1.0,0.45255853811826435,0.46313101333470164,1,0.20177748288794364,0,0.7982225171120564
296,1.0,0.7028281868348963,0.40507847675216874,1,0.9922811587649639,1,0.007718841235036078
297,1.0,0.3967405321701015,0.2549091979673385,0,0.0005430987296637542,0,0.0005430987296637542
298,1.0,0.5790249852496135,0.44544320043224184,1,0.8832941665048081,1,0.11670583349519192
299,1.0,0.5257341550794012,0.3588775382863753,1,0.19329968269390094,0,0.806700317306099
300,1.0,0.39193632894147534,0.1873117900436306,0,0.00011012129173067835,0,0.00011012129173067835
301,1.0,0.5780789223442776,0.653343710311011,1,0.9984426642574609,1,0.0015573357425391343
302,1.0,0.3585531913354412,0.13518474520198162,0,1.3249025633598818e-05,0,1.3249025633598818e-05
303,1.0,0.5338218556373002,0.8792153417751548,1,0.9999543431583661,1,4.565684163393424e-05
304,1.0,0.639818025181819,0.5801531953845686,1,0.9988133852954801,1,0.0011866147045198616
305,1.0,0.21287645627179533,0.2997865753856101,0,5.856814284185929e-06,0,5.856814284185929e-06
306,1.0,0.26231873607856954,0.29386666411611906,0,2.259901563770073e-05,0,2.259901563770073e-05
307,1.0,0.2479673015852593,0.31589639511495454,0,2.3627625612617842e-05,0,2.3627625612617842e-05
308,1.0,0.48418765962927823,0.72190497534117,1,0.9941221504670736,1,0.00587784953292636
309,1.0,0.7751754805599055,0.39737176220949555,1,0.9989445738037711,1,0.0010554261962288924
310,1.0,0.2825488560987327,0.2278020953574471,0,1.0002536875778079e-05,0,1.0002536875778079e-05
311,1.0,0.5705528984787779,0.29672844552104155,0,0.19390257241972572,0,0.19390257241972572
312,1.0,0.4716385963729096,0.713307054878929,1,0.9897573250842308,1,0.010242674915769245
313,1.0,0.3084288494788126,0.3472295488576716,0,0.00028210804738588725,0,0.00028210804738588725
314,1.0,0.5836673343412289,0.7170452057650665,1,0.999664341166314,1,0.00033565883368602556
315,1.0,0.7131393408765262,0.5045798358993059,1,0.9993266854401817,1,0.0006733145598183388
316,1.0,0.6431662979252528,0.5076011010823196,1,0.9949155961748626,1,0.005084403825137418
317,1.0,0.8245736905311514,0.6489060618930995,1,0.9999989151687201,1,1.084831279918319e-06
318,1.0,0.834680672415667,0.5685792922964699,1,0.9999954936174258,1,4.506382574209766e-06
319,1.0,0.6537556249799114,0.5641589842380594,1,0.9988966276971168,1,0.0011033723028831544
320,1.0,0.46682491956544286,0.36216531370709415,0,0.04235063907212186,0,0.04235063907212186
321,1.0,0.5732379454799972,0.44355035880081284,1,0.8594087569273918,1,0.14059124307260817
322,1.0,0.7109241004052818,0.6694628210261552,1,0.999979179019658,1,2.0820980341951234e-05
323,1.0,0.42597121586554154,0.573383254473627,0,0.5496883269293427,1,0.5496883269293427
324,1.0,0.4003957909185784,0.17767630773296383,0,0.00011527561541421546,0,0.00011527561541421546
325,1.0,0.1817979049290032,0.2981085159718248,0,2.2317859804398802e-06,0,2.2317859804398802e-06
326,1.0,0.3568066813511853,0.11238285260434595,0,7.704128325532056e-06,0,7.704128325532056e-06
327,1.0,0.6684533324938298,0.7418562310641268,1,0.9999843647906204,1,1.563520937963858e-05
328,1.0,0.32253394366463134,0.1626669193908404,0,8.150563895668754e-06,0,8.150563895668754e-06
329,1.0,0.17004164904808491,0.4585723377768769,0,4.938145120906228e-05,0,4.938145120906228e-05
330,1.0,0.6172340205707568,0.797841421967234,1,0.999978304419805,1,2.1695580195046915e-05
331,1.0,0.6504256546099458,0.7698191635256268,1,0.9999853068804164,1,1.4693119583575331e-05
332,1.0,0.5167639198273579,0.08038267961927685,0,0.0004611895376759243,0,0.0004611895376759243
333,1.0,0.5237579949555718,0.24178469346404236,0,0.017916980602373574,0,0.017916980602373574
334,1.0,0.5973389277983107,0.5319245559127839,1,0.9882217997725574,1,0.011778200227442581
335,1.0,0.7489978071897413,0.6487994536876154,1,0.9999895958191545,1,1.0404180845524635e-05
336,1.0,0.7497951122115035,0.5212503166049186,1,0.9998425534173707,1,0.00015744658262928368
337,1.0,0.49191037663197645,0.20838108105877107,0,0.003424209297290759,0,0.003424209297290759
338,1.0,0.4486905950256084,0.1479673439821354,0,0.00025775673479613837,0,0.00025775673479613837
339,1.0,0.5371058353865942,0.7232671513300559,1,0.9988203316153975,1,0.0011796683846024836
340,1.0,0.52214394577088,0.4044180556107148,0,0.3641497115487858,0,0.3641497115487858
341,1.0,0.36843636960411813,0.21989013221367834,0,0.00010987850469178434,0,0.00010987850469178434
342,1.0,0.459474668438174,0.8440514091584953,1,0.9991042063937391,1,0.0008957936062609084
343,1.0,0.38958743515439503,0.38006547353355363,0,0.0064193034133311795,0,0.0064193034133311795
344,1.0,0.2761973768654424,0.2934094808754428,0,3.387979018633838e-05,0,3.387979018633838e-05
345,1.0,0.3583433966417604,0.2888715176158945,0,0.0003577460072059311,0,0.0003577460072059311
346,1.0,0.6491177015623173,0.7239171772866824,1,0.9999590312689625,1,4.09687310375384e-05
347,1.0,0.3375105809857876,0.205111349654011,0,3.1743725159013205e-05,0,3.1743725159013205e-05
348,1.0,0.3573065017572331,0.6312861381971621,1,0.3524457699586545,0,0.6475542300413455
349,1.0,0.505935221809674,0.27565227840980006,0,0.021694273484881024,0,0.021694273484881024
350,1.0,0.5371518446887836,0.10289457360318979,0,0.0013745951003312096,0,0.0013745951003312096
351,1.0,0.3346139902693385,0.24063729464775493,0,6.245871011291841e-05,0,6.245871011291841e-05
352,1.0,0.45610453172333637,0.2508201298921193,0,0.002925042226617391,0,0.002925042226617391
353,1.0,0.37175782227775633,0.20367382130201805,0,8.564335536879389e-05,0,8.564335536879389e-05
354,1.0,0.7615170157737462,0.8132429837164817,1,0.9999997910302368,1,2.08969763160205e-07
355,1.0,0.7284590368949708,0.41071395043275555,1,0.996806344364704,1,0.0031936556352960555
356,1.0,0.7215560910801595,0.6814527640284633,1,0.999988288188003,1,1.1711811996995003e-05
357,1.0,0.6916505906697722,0.4040375564258297,1,0.989012451210639,1,0.010987548789361035
358,1.0,0.7163537155891251,0.8365752805248736,1,0.9999995119263916,1,4.880736084178494e-07
359,1.0,0.3715380262121554,0.16668352720326207,0,3.8428560036082896e-05,0,3.8428560036082896e-05
360,1.0,0.6267940783251278,0.32282665710807296,1,0.6935291600883905,1,0.3064708399116095
361,1.0,0.8451354342371057,0.7597318271077,1,0.9999999457704765,1,5.422952353839605e-08
362,1.0,0.5447791828130982,0.4116284200435142,1,0.5680676647536704,1,0.43193233524632957
363,1.0,0.2672860035580023,0.23033410288699382,0,6.693506493552398e-06,0,6.693506493552398e-06
364,1.0,0.7541648588198481,0.8247823244486039,1,0.9999997968516705,1,2.0314832949175354e-07
365,1.0,0.7361546974927686,0.5615456997645782,1,0.9999004279459969,1,9.957205400312752e-05
366,1.0,0.6535069027878151,0.8817583861765717,1,0.999998790875978,1,1.2091240220168942e-06
367,1.0,0.3109836405074893,0.39030011547050275,0,0.0007679136449799805,0,0.0007679136449799805
368,1.0,0.721613415519945,0.61087193139559,1,0.9999467218444857,1,5.3278155514258074e-05
369,1.0,0.37330074715689593,0.36363916944316493,0,0.00278229331964999,0,0.00278229331964999
370,1.0,0.5616584679752393,0.5859618610466604,1,0.9892768749956542,1,0.010723125004345802
371,1.0,0.6660093077496178,0.520536628077334,1,0.9980482681995716,1,0.0019517318004284023
372,1.0,0.7604598174436932,0.9007817536090642,1,0.9999999671254929,1,3.2874507116531504e-08
373,1.0,0.35265633969628934,0.41049248876371935,0,0.00410344417843584,0,0.00410344417843584
374,1.0,0.406617791644788,0.19540538982826436,0,0.00020319146656391839,0,0.00020319146656391839
375,1.0,0.5477144084147295,0.7079117289859189,1,0.9988049846535579,1,0.0011950153464420632
376,1.0,0.5694408593198602,0.7034407714084643,1,0.9993123872379842,1,0.0006876127620157879
377,1.0,0.6495925881298994,0.4107906840806664,1,0.9673337947896189,1,0.032666205210381105
378,1.0,0.29371482354149003,0.5269724974263058,0,0.008575557989084088,0,0.008575557989084088
379,1.0,0.37146234494242314,0.35444784744292157,0,0.002162898479208173,0,0.002162898479208173
380,1.0,0.7886254847817521,0.6480035445210539,1,0.9999967615703514,1,3.2384296485554742e-06
381,1.0,0.693690384937894,0.4670372688472314,1,0.99730773548169,1,0.0026922645183099503
382,1.0,0.5363947354373552,0.3780908752601317,0,0.3324192981301523,0,0.3324192981301523
383,1.0,0.5546682403902553,0.4532351134294033,1,0.8120772749448201,1,0.18792272505517993
384,1.0,0.29383365566749614,0.2327383220881618,0,1.5582360220653484e-05,0,1.5582360220653484e-05
385,1.0,0.3703552901117181,0.23173461899474765,0,0.00015008492117272256,0,0.00015008492117272256
386,1.0,0.6594514364915796,0.6864388292482065,1,0.9999326887294453,1,6.73112705547041e-05
387,1.0,0.4374643755697548,0.21770710631672824,0,0.0008243341228689077,0,0.0008243341228689077
388,1.0,0.2691773441502458,0.30621287327754565,0,3.6167373463257215e-05,0,3.6167373463257215e-05
389,1.0,0.6776372259333201,0.6728027193439964,1,0.9999476002784647,1,5.239972153525674e-05
390,1.0,0.25752582154104664,0.2646006215782881,0,1.044163655871639e-05,0,1.044163655871639e-05
391,1.0,0.3799397601801369,0.32564989812262923,0,0.001501736654837442,0,0.001501736654837442
392,1.0,0.7416334663556805,0.5121814314963338,1,0.9997558509466524,1,0.0002441490533475754
393,1.0,0.6002627079910311,0.167460598437393,0,0.03506731677306321,0,0.03506731677306321
394,1.0,0.3255878924160839,0.3769290867500138,0,0.0008912821762258536,0,0.0008912821762258536
395,1.0,0.4438236490813561,0.3565356803352227,0,0.019325054211397578,0,0.019325054211397578
396,1.0,0.4365529268992319,0.2301894019031692,0,0.0010487358046809146,0,0.0010487358046809146
397,1.0,0.2325933943757678,0.3243297573042858,0,1.7889451797432078e-05,0,1.7889451797432078e-05
398,1.0,0.38237012523557967,0.5293732308715419,1,0.11412590080703819,0,0.8858740991929618
399,1.0,0.2073702429946123,0.14406462992481373,0,1.749627998643375e-07,0,1.749627998643375e-07
